<?xml version="1.0" encoding="Windows-1251"?>
<configuration><appSettings>
    <add key="Server" value="10.1.13.139" />
    <add key="User" value="sa" />
    <add key="Password" value="mssql" />
    <add key="DBase" value="frontdk" />
    <add key="Port" value="1300" />
	<add key="LicenseServerAddress" value="http://195.58.28.133:2300/Service/" />
	<add key="LicenseID" value="" />
	<add key="Mode" value="0" />
	<add key="PostsStartTime" value="1" />
		<add key="LS_Wait_Timeout" value="10" />
			<add key="LS_WD_Interval" value="20" />
				<add key="RequestPeriod" value="40" />
					<add key="PostsPeriod" value="60" />
</appSettings></configuration>